genres,id,keywords,original_title,overview,popularity,production_companies,production_countries,revenue,runtime,spoken_languages,tagline,title,vote_average
"[{""id"": 28, ""name"": ""Action""}, {""id"": 12, ""name"": ""Adventure""}, {""id"": 14, ""name"": ""Fantasy""}, {""id"": 878, ""name"": ""Science Fiction""}]",19995,"[{""id"": 1463, ""name"": ""culture clash""}, {""id"": 2964, ""name"": ""future""}, {""id"": 3386, ""name"": ""space war""}, {""id"": 3388, ""name"": ""space colony""}, {""id"": 3679, ""name"": ""society""}, {""id"": 3801, ""name"": ""space travel""}, {""id"": 9685, ""name"": ""futuristic""}, {""id"": 9840, ""name"": ""romance""}, {""id"": 9882, ""name"": ""space""}, {""id"": 9951, ""name"": ""alien""}, {""id"": 10148, ""name"": ""tribe""}, {""id"": 10158, ""name"": ""alien planet""}, {""id"": 10987, ""name"": ""cgi""}, {""id"": 11399, ""name"": ""marine""}, {""id"": 13065, ""name"": ""soldier""}, {""id"": 14643, ""name"": ""battle""}, {""id"": 14720, ""name"": ""love affair""}, {""id"": 165431, ""name"": ""anti war""}, {""id"": 193554, ""name"": ""power relations""}, {""id"": 206690, ""name"": ""mind and soul""}, {""id"": 209714, ""name"": ""3d""}]",Avatar,"In the 22nd century, a paraplegic Marine is dispatched to the moon Pandora on a unique mission, but becomes torn between following orders and protecting an alien civilization.",150.437577,"[{""name"": ""Ingenious Film Partners"", ""id"": 289}, {""name"": ""Twentieth Century Fox Film Corporation"", ""id"": 306}, {""name"": ""Dune Entertainment"", ""id"": 444}, {""name"": ""Lightstorm Entertainment"", ""id"": 574}]","[{""iso_3166_1"": ""US"", ""name"": ""United States of America""}, {""iso_3166_1"": ""GB"", ""name"": ""United Kingdom""}]",2787965087,162,"[{""iso_639_1"": ""en"", ""name"": ""English""}, {""iso_639_1"": ""es"", ""name"": ""Espa\u00f1ol""}]",Enter the World of Pandora.,Avatar,7.2
"[{""id"": 12, ""name"": ""Adventure""}, {""id"": 14, ""name"": ""Fantasy""}, {""id"": 28, ""name"": ""Action""}]",285,"[
 {""id"":1,""name"":""ocean""},
 {""id"":2,""name"":""exotic island""},
 {""id"":3,""name"":""east india trading company""},
 {""id"":4,""name"":""love of one's life""},
 {""id"":5,""name"":""traitor""},
 {""id"":6,""name"":""shipwreck""},
 {""id"":7,""name"":""strong woman""},
 {""id"":8,""name"":""ship""},
 {""id"":9,""name"":""alliance""},
 {""id"":10,""name"":""calypso""},
 {""id"":11,""name"":""afterlife""},
 {""id"":12,""name"":""fighter""},
 {""id"":13,""name"":""pirate""},
 {""id"":14,""name"":""swashbuckler""},
 {""id"":15,""name"":""sea battle""},
 {""id"":16,""name"":""curse""},
 {""id"":17,""name"":""friendship""},
 {""id"":18,""name"":""treasure""},
 {""id"":19,""name"":""adventure""}
]",Pirates of the Caribbean: At World's End,"Captain Barbossa, long believed to be dead, has come back to life and is headed to the edge of the Earth with Will Turner and Elizabeth Swann. But nothing is quite as it seems.",139.082615,"[{""name"": ""Walt Disney Pictures"", ""id"": 2}, {""name"": ""Jerry Bruckheimer Films"", ""id"": 130}, {""name"": ""Second Mate Productions"", ""id"": 19936}]","[{""iso_3166_1"": ""US"", ""name"": ""United States of America""}]",961000000,169,"[{""iso_639_1"": ""en"", ""name"": ""English""}]","At the end of the world, the adventure begins.",Pirates of the Caribbean: At World's End,6.9
"[{""id"": 28, ""name"": ""Action""}, {""id"": 12, ""name"": ""Adventure""}, {""id"": 80, ""name"": ""Crime""}]",206647,"[{""id"": 470, ""name"": ""spy""}, {""id"": 818, ""name"": ""based on novel""}, {""id"": 4289, ""name"": ""secret agent""}, {""id"": 9663, ""name"": ""sequel""}, {""id"": 14555, ""name"": ""mi6""}, {""id"": 156095, ""name"": ""british secret service""}, {""id"": 158431, ""name"": ""united kingdom""}]",Spectre,"James Bond investigates a mysterious criminal organization called SPECTRE while MI6 faces political threats. His mission uncovers hidden connections from his past and leads to a global espionage conspiracy involving secret agents, surveillance and international action.",107.376788,"[{""name"": ""Columbia Pictures"", ""id"": 5}, {""name"": ""Danjaq"", ""id"": 10761}, {""name"": ""B24"", ""id"": 69434}]","[{""iso_3166_1"": ""GB"", ""name"": ""United Kingdom""}, {""iso_3166_1"": ""US"", ""name"": ""United States of America""}]",880674609,148,"[{""iso_639_1"": ""fr"", ""name"": ""Fran\u00e7ais""}, {""iso_639_1"": ""en"", ""name"": ""English""}, {""iso_639_1"": ""es"", ""name"": ""Espa\u00f1ol""}, {""iso_639_1"": ""it"", ""name"": ""Italiano""}, {""iso_639_1"": ""de"", ""name"": ""Deutsch""}]",A Plan No One Escapes,Spectre,6.3
"[{""id"": 28, ""name"": ""Action""}, {""id"": 80, ""name"": ""Crime""}, {""id"": 18, ""name"": ""Drama""}, {""id"": 53, ""name"": ""Thriller""}]",49026,"[{""id"": 849, ""name"": ""dc comics""}, {""id"": 853, ""name"": ""crime fighter""}, {""id"": 949, ""name"": ""terrorist""}, {""id"": 1308, ""name"": ""secret identity""}, {""id"": 1437, ""name"": ""burglar""}, {""id"": 3051, ""name"": ""hostage drama""}, {""id"": 3562, ""name"": ""time bomb""}, {""id"": 6969, ""name"": ""gotham city""}, {""id"": 7002, ""name"": ""vigilante""}, {""id"": 9665, ""name"": ""cover-up""}, {""id"": 9715, ""name"": ""superhero""}, {""id"": 9990, ""name"": ""villainess""}, {""id"": 10044, ""name"": ""tragic hero""}, {""id"": 13015, ""name"": ""terrorism""}, {""id"": 14796, ""name"": ""destruction""}, {""id"": 18933, ""name"": ""catwoman""}, {""id"": 156082, ""name"": ""cat burglar""}, {""id"": 156395, ""name"": ""imax""}, {""id"": 173272, ""name"": ""flood""}, {""id"": 179093, ""name"": ""criminal underworld""}, {""id"": 230775, ""name"": ""batman""}]",The Dark Knight Rises,"Following the death of District Attorney Harvey Dent, Batman assumes responsibility for Dent's crimes to protect the late attorney's reputation and is subsequently hunted by the Gotham City Police Department. Eight years later, Batman encounters the mysterious Selina Kyle and the villainous Bane, a new terrorist leader who overwhelms Gotham's finest. The Dark Knight resurfaces to protect a city that has branded him an enemy.",112.31295,"[{""name"": ""Legendary Pictures"", ""id"": 923}, {""name"": ""Warner Bros."", ""id"": 6194}, {""name"": ""DC Entertainment"", ""id"": 9993}, {""name"": ""Syncopy"", ""id"": 9996}]","[{""iso_3166_1"": ""US"", ""name"": ""United States of America""}]",1084939099,165,"[{""iso_639_1"": ""en"", ""name"": ""English""}]",The Legend Ends,The Dark Knight Rises,7.6
"[{""id"": 28, ""name"": ""Action""}, {""id"": 12, ""name"": ""Adventure""}, {""id"": 878, ""name"": ""Science Fiction""}]",49529,"[{""id"": 818, ""name"": ""based on novel""}, {""id"": 839, ""name"": ""mars""}, {""id"": 1456, ""name"": ""medallion""}, {""id"": 3801, ""name"": ""space travel""}, {""id"": 7376, ""name"": ""princess""}, {""id"": 9951, ""name"": ""alien""}, {""id"": 10028, ""name"": ""steampunk""}, {""id"": 10539, ""name"": ""martian""}, {""id"": 10685, ""name"": ""escape""}, {""id"": 161511, ""name"": ""edgar rice burroughs""}, {""id"": 163252, ""name"": ""alien race""}, {""id"": 179102, ""name"": ""superhuman strength""}, {""id"": 190320, ""name"": ""mars civilization""}, {""id"": 195446, ""name"": ""sword and planet""}, {""id"": 207928, ""name"": ""19th century""}, {""id"": 209714, ""name"": ""3d""}]",John Carter,"John Carter is a war-weary, former military captain who's inexplicably transported to the mysterious and exotic planet of Barsoom (Mars) and reluctantly becomes embroiled in an epic conflict. It's a world on the brink of collapse, and Carter rediscovers his humanity when he realizes the survival of Barsoom and its people rests in his hands.",43.926995,"[{""name"": ""Walt Disney Pictures"", ""id"": 2}]","[{""iso_3166_1"": ""US"", ""name"": ""United States of America""}]",284139100,132,"[{""iso_639_1"": ""en"", ""name"": ""English""}]","Lost in our world, found in another.",John Carter,6.1
"[{""id"": 14, ""name"": ""Science Fiction""}, {""id"": 28, ""name"": ""Action""}, {""id"": 12, ""name"": ""Adventure""}]",559,"[
 {""id"":1,""name"":""dual identity""},
 {""id"":2,""name"":""amnesia""},
 {""id"":3,""name"":""sandstorm""},
 {""id"":4,""name"":""love of one's life""},
 {""id"":5,""name"":""forgiveness""},
 {""id"":6,""name"":""spider""},
 {""id"":7,""name"":""death of a friend""},
 {""id"":8,""name"":""marvel comic""},
 {""id"":9,""name"":""sequel""},
 {""id"":10,""name"":""superhero""},
 {""id"":11,""name"":""revenge""},
 {""id"":12,""name"":""symbiote""},
 {""id"":13,""name"":""villain""},
 {""id"":14,""name"":""identity""},
 {""id"":15,""name"":""hero""},
 {""id"":16,""name"":""new york""},
 {""id"":17,""name"":""action""}
]",Spider-Man 3,"The seemingly invincible Spider-Man goes up against an all-new crop of villain â€“ including the shape-shifting Sandman. While Spider-Manâ€™s superpowers are altered by an alien organism, his alter ego, Peter Parker, deals with nemesis Eddie Brock and also gets caught up in a love triangle.",115.699814,"[{""name"": ""Columbia Pictures"", ""id"": 5}, {""name"": ""Laura Ziskin Productions"", ""id"": 326}, {""name"": ""Marvel Enterprises"", ""id"": 19551}]","[{""iso_3166_1"": ""US"", ""name"": ""United States of America""}]",890871626,139,"[{""iso_639_1"": ""en"", ""name"": ""English""}, {""iso_639_1"": ""fr"", ""name"": ""Fran\u00e7ais""}]",The battle within.,Spider-Man 3,5.9
"[{""id"": 16, ""name"": ""Animation""}, {""id"": 10751, ""name"": ""Family""}, {""id"": 12, ""name"": ""Adventure""}]",38757,"[{""id"": 1562, ""name"": ""hostage""}, {""id"": 2343, ""name"": ""magic""}, {""id"": 2673, ""name"": ""horse""}, {""id"": 3205, ""name"": ""fairy tale""}, {""id"": 4344, ""name"": ""musical""}, {""id"": 7376, ""name"": ""princess""}, {""id"": 10336, ""name"": ""animation""}, {""id"": 33787, ""name"": ""tower""}, {""id"": 155658, ""name"": ""blonde woman""}, {""id"": 162219, ""name"": ""selfishness""}, {""id"": 163545, ""name"": ""healing power""}, {""id"": 179411, ""name"": ""based on fairy tale""}, {""id"": 179431, ""name"": ""duringcreditsstinger""}, {""id"": 215258, ""name"": ""healing gift""}, {""id"": 234183, ""name"": ""animal sidekick""}]",Tangled,"When the kingdom's most wanted-and most charming-bandit Flynn Rider hides out in a mysterious tower, he's taken hostage by Rapunzel, a beautiful and feisty tower-bound teen with 70 feet of magical, golden hair. Flynn's curious captor, who's looking for her ticket out of the tower where she's been locked away for years, strikes a deal with the handsome thief and the unlikely duo sets off on an action-packed escapade, complete with a super-cop horse, an over-protective chameleon and a gruff gang of pub thugs.",48.681969,"[{""name"": ""Walt Disney Pictures"", ""id"": 2}, {""name"": ""Walt Disney Animation Studios"", ""id"": 6125}]","[{""iso_3166_1"": ""US"", ""name"": ""United States of America""}]",591794936,100,"[{""iso_639_1"": ""en"", ""name"": ""English""}]",They're taking adventure to new lengths.,Tangled,7.4
"[{""id"": 28, ""name"": ""Action""}, {""id"": 12, ""name"": ""Adventure""}, {""id"": 878, ""name"": ""Science Fiction""}]",99861,"[{""id"": 8828, ""name"": ""marvel comic""}, {""id"": 9663, ""name"": ""sequel""}, {""id"": 9715, ""name"": ""superhero""}, {""id"": 9717, ""name"": ""based on comic book""}, {""id"": 10629, ""name"": ""vision""}, {""id"": 155030, ""name"": ""superhero team""}, {""id"": 179431, ""name"": ""duringcreditsstinger""}, {""id"": 180547, ""name"": ""marvel cinematic universe""}, {""id"": 209714, ""name"": ""3d""}]",Avengers: Age of Ultron,"When Tony Stark tries to jumpstart a dormant peacekeeping program, things go awry and Earthâ€™s Mightiest Heroes are put to the ultimate test as the fate of the planet hangs in the balance. As the villainous Ultron emerges, it is up to The Avengers to stop him from enacting his terrible plans, and soon uneasy alliances and unexpected action pave the way for an epic and unique global adventure.",134.279229,"[{""name"": ""Marvel Studios"", ""id"": 420}, {""name"": ""Prime Focus"", ""id"": 15357}, {""name"": ""Revolution Sun Studios"", ""id"": 76043}]","[{""iso_3166_1"": ""US"", ""name"": ""United States of America""}]",1405403694,141,"[{""iso_639_1"": ""en"", ""name"": ""English""}]",A New Age Has Come.,Avengers: Age of Ultron,7.3
"[{""id"": 12, ""name"": ""Adventure""}, {""id"": 14, ""name"": ""Fantasy""}, {""id"": 10751, ""name"": ""Family""}]",767,"[{""id"": 616, ""name"": ""witch""}, {""id"": 2343, ""name"": ""magic""}, {""id"": 3872, ""name"": ""broom""}, {""id"": 3884, ""name"": ""school of witchcraft""}, {""id"": 6333, ""name"": ""wizardry""}, {""id"": 10164, ""name"": ""apparition""}, {""id"": 10791, ""name"": ""teenage crush""}, {""id"": 12564, ""name"": ""werewolf""}]",Harry Potter and the Half-Blood Prince,"During his sixth year at Hogwarts, Harry Potter uncovers secrets about Voldemort�s past while preparing for the growing wizarding war. As danger rises, friendships, romance and magical battles shape the fate of the wizarding world.",98.885637,"[{""name"": ""Warner Bros."", ""id"": 6194}, {""name"": ""Heyday Films"", ""id"": 7364}]","[{""iso_3166_1"": ""GB"", ""name"": ""United Kingdom""}, {""iso_3166_1"": ""US"", ""name"": ""United States of America""}]",933959197,153,"[{""iso_639_1"": ""en"", ""name"": ""English""}]",Dark Secrets Revealed,Harry Potter and the Half-Blood Prince,7.4
"[{""id"": 28, ""name"": ""Action""}, {""id"": 12, ""name"": ""Adventure""}, {""id"": 14, ""name"": ""Fantasy""}]",209112,"[{""id"": 849, ""name"": ""dc comics""}, {""id"": 7002, ""name"": ""vigilante""}, {""id"": 9715, ""name"": ""superhero""}, {""id"": 9717, ""name"": ""based on comic book""}, {""id"": 9748, ""name"": ""revenge""}, {""id"": 163455, ""name"": ""super powers""}, {""id"": 195242, ""name"": ""clark kent""}, {""id"": 195243, ""name"": ""bruce wayne""}, {""id"": 229266, ""name"": ""dc extended universe""}]",Batman v Superman: Dawn of Justice,"Fearing the actions of a god-like Super Hero left unchecked, Gotham Cityâ€™s own formidable, forceful vigilante takes on Metropolisâ€™s most revered, modern-day savior, while the world wrestles with what sort of hero it really needs. And with Batman and Superman at war with one another, a new threat quickly arises, putting mankind in greater danger than itâ€™s ever known before.",155.790452,"[{""name"": ""DC Comics"", ""id"": 429}, {""name"": ""Atlas Entertainment"", ""id"": 507}, {""name"": ""Warner Bros."", ""id"": 6194}, {""name"": ""DC Entertainment"", ""id"": 9993}, {""name"": ""Cruel & Unusual Films"", ""id"": 9995}, {""name"": ""RatPac-Dune Entertainment"", ""id"": 41624}]","[{""iso_3166_1"": ""US"", ""name"": ""United States of America""}]",873260194,151,"[{""iso_639_1"": ""en"", ""name"": ""English""}]",Justice or revenge,Batman v Superman: Dawn of Justice,5.7
"[{""id"": 12, ""name"": ""Adventure""}, {""id"": 14, ""name"": ""Fantasy""}, {""id"": 28, ""name"": ""Action""}, {""id"": 878, ""name"": ""Science Fiction""}]",1452,"[{""id"": 83, ""name"": ""saving the world""}, {""id"": 849, ""name"": ""dc comics""}, {""id"": 8872, ""name"": ""invulnerability""}, {""id"": 9663, ""name"": ""sequel""}, {""id"": 9715, ""name"": ""superhero""}, {""id"": 9717, ""name"": ""based on comic book""}, {""id"": 163420, ""name"": ""kryptonite""}, {""id"": 163455, ""name"": ""super powers""}, {""id"": 179102, ""name"": ""superhuman strength""}, {""id"": 202526, ""name"": ""lex luthor""}]",Superman Returns,"Superman returns to discover his 5-year absence has allowed Lex Luthor to walk free, and that those he was closest too felt abandoned and have moved on. Luthor plots his ultimate revenge that could see millions killed and change the face of the planet forever, as well as ridding himself of the Man of Steel.",57.925623,"[{""name"": ""DC Comics"", ""id"": 429}, {""name"": ""Legendary Pictures"", ""id"": 923}, {""name"": ""Warner Bros."", ""id"": 6194}, {""name"": ""Bad Hat Harry Productions"", ""id"": 9168}]","[{""iso_3166_1"": ""US"", ""name"": ""United States of America""}]",391081192,154,"[{""iso_639_1"": ""en"", ""name"": ""English""}, {""iso_639_1"": ""fr"", ""name"": ""Fran\u00e7ais""}, {""iso_639_1"": ""de"", ""name"": ""Deutsch""}]",,Superman Returns,5.4
"[{""id"": 12, ""name"": ""Adventure""}, {""id"": 28, ""name"": ""Action""}, {""id"": 53, ""name"": ""Thriller""}, {""id"": 80, ""name"": ""Crime""}]",10764,"[{""id"": 627, ""name"": ""killing""}, {""id"": 1568, ""name"": ""undercover""}, {""id"": 4289, ""name"": ""secret agent""}, {""id"": 156095, ""name"": ""british secret service""}]",Quantum of Solace,"James Bond investigates a secret global organization connected to betrayal and political corruption while carrying out dangerous international missions involving espionage, action and revenge.",107.928811,"[{""name"": ""Eon Productions"", ""id"": 7576}]","[{""iso_3166_1"": ""GB"", ""name"": ""United Kingdom""}, {""iso_3166_1"": ""US"", ""name"": ""United States of America""}]",586090727,106,"[{""iso_639_1"": ""en"", ""name"": ""English""}, {""iso_639_1"": ""es"", ""name"": ""Espa\u00f1ol""}, {""iso_639_1"": ""it"", ""name"": ""Italiano""}, {""iso_639_1"": ""fr"", ""name"": ""Fran\u00e7ais""}, {""iso_639_1"": ""de"", ""name"": ""Deutsch""}]","For love, for hate, for justice, for revenge.",Quantum of Solace,6.1
"[{""id"": 12, ""name"": ""Adventure""}, {""id"": 14, ""name"": ""Fantasy""}, {""id"": 28, ""name"": ""Action""}]",58,"[{""id"": 616, ""name"": ""witch""}, {""id"": 663, ""name"": ""fortune teller""}, {""id"": 910, ""name"": ""bondage""}, {""id"": 911, ""name"": ""exotic island""}, {""id"": 1299, ""name"": ""monster""}, {""id"": 1316, ""name"": ""captain""}, {""id"": 1317, ""name"": ""card game""}, {""id"": 1319, ""name"": ""east india trading company""}, {""id"": 1461, ""name"": ""compass""}, {""id"": 3799, ""name"": ""ship""}, {""id"": 5600, ""name"": ""daughter""}, {""id"": 12988, ""name"": ""pirate""}, {""id"": 157186, ""name"": ""swashbuckler""}, {""id"": 179430, ""name"": ""aftercreditsstinger""}]",Pirates of the Caribbean: Dead Man's Chest,"Captain Jack Sparrow races to escape a deadly debt owed to the legendary Davy Jones while joining Will Turner and Elizabeth Swann on a dangerous pirate adventure involving sea monsters, cursed treasure and supernatural forces.",145.847379,"[{""name"": ""Walt Disney Pictures"", ""id"": 2}, {""name"": ""Jerry Bruckheimer Films"", ""id"": 130}, {""name"": ""Second Mate Productions"", ""id"": 19936}]","[{""iso_3166_1"": ""JM"", ""name"": ""Jamaica""}, {""iso_3166_1"": ""US"", ""name"": ""United States of America""}, {""iso_3166_1"": ""BS"", ""name"": ""Bahamas""}, {""iso_3166_1"": ""DM"", ""name"": ""Dominica""}]",1065659812,151,"[{""iso_639_1"": ""en"", ""name"": ""English""}, {""iso_639_1"": ""tr"", ""name"": ""T\u00fcrk\u00e7e""}, {""iso_639_1"": ""el"", ""name"": ""\u03b5\u03bb\u03bb\u03b7\u03bd\u03b9\u03ba\u03ac""}, {""iso_639_1"": ""zh"", ""name"": ""\u666e\u901a\u8bdd""}]",Jack is back!,Pirates of the Caribbean: Dead Man's Chest,7
"[{""id"": 28, ""name"": ""Action""}, {""id"": 12, ""name"": ""Adventure""}, {""id"": 37, ""name"": ""Western""}]",57201,"[{""id"": 1556, ""name"": ""texas""}, {""id"": 2673, ""name"": ""horse""}, {""id"": 5385, ""name"": ""survivor""}, {""id"": 5901, ""name"": ""texas ranger""}, {""id"": 9104, ""name"": ""partner""}, {""id"": 9503, ""name"": ""outlaw""}, {""id"": 10685, ""name"": ""escape""}, {""id"": 10909, ""name"": ""lawyer""}, {""id"": 13008, ""name"": ""train""}, {""id"": 178867, ""name"": ""lone ranger""}, {""id"": 179419, ""name"": ""comanche""}, {""id"": 222787, ""name"": ""the lone ranger""}, {""id"": 228232, ""name"": ""tonto""}]",The Lone Ranger,"The Texas Rangers chase down a gang of outlaws led by Butch Cavendish, but the gang ambushes the Rangers, seemingly killing them all. One survivor is found, however, by an American Indian named Tonto, who nurses him back to health. The Ranger, donning a mask and riding a white stallion named Silver, teams up with Tonto to bring the unscrupulous gang and others of that ilk to justice.",49.046956,"[{""name"": ""Walt Disney Pictures"", ""id"": 2}, {""name"": ""Jerry Bruckheimer Films"", ""id"": 130}, {""name"": ""Infinitum Nihil"", ""id"": 2691}, {""name"": ""Silver Bullet Productions (II)"", ""id"": 37380}, {""name"": ""Blind Wink Productions"", ""id"": 37381}, {""name"": ""Classic Media"", ""id"": 37382}]","[{""iso_3166_1"": ""US"", ""name"": ""United States of America""}]",89289910,149,"[{""iso_639_1"": ""en"", ""name"": ""English""}]",Never Take Off the Mask,The Lone Ranger,5.9
"[{""id"": 28, ""name"": ""Action""}, {""id"": 12, ""name"": ""Adventure""}, {""id"": 14, ""name"": ""Fantasy""}, {""id"": 878, ""name"": ""Science Fiction""}]",49521,"[{""id"": 83, ""name"": ""saving the world""}, {""id"": 849, ""name"": ""dc comics""}, {""id"": 9715, ""name"": ""superhero""}, {""id"": 9717, ""name"": ""based on comic book""}, {""id"": 10761, ""name"": ""superhuman""}, {""id"": 14909, ""name"": ""alien invasion""}, {""id"": 161184, ""name"": ""reboot""}, {""id"": 163455, ""name"": ""super powers""}, {""id"": 229266, ""name"": ""dc extended universe""}]",Man of Steel,"A young boy learns that he has extraordinary powers and is not of this earth. As a young man, he journeys to discover where he came from and what he was sent here to do. But the hero in him must emerge if he is to save the world from annihilation and become the symbol of hope for all mankind.",99.398009,"[{""name"": ""Legendary Pictures"", ""id"": 923}, {""name"": ""Warner Bros."", ""id"": 6194}, {""name"": ""DC Entertainment"", ""id"": 9993}, {""name"": ""Syncopy"", ""id"": 9996}, {""name"": ""Cruel and Unusual Films"", ""id"": 78685}]","[{""iso_3166_1"": ""GB"", ""name"": ""United Kingdom""}, {""iso_3166_1"": ""US"", ""name"": ""United States of America""}]",662845518,143,"[{""iso_639_1"": ""en"", ""name"": ""English""}]",You will believe that a man can fly.,Man of Steel,6.5
"[{""id"": 12, ""name"": ""Adventure""}, {""id"": 10751, ""name"": ""Family""}, {""id"": 14, ""name"": ""Fantasy""}]",2454,"[{""id"": 818, ""name"": ""based on novel""}, {""id"": 855, ""name"": ""fictional place""}, {""id"": 1155, ""name"": ""brother sister relationship""}, {""id"": 2043, ""name"": ""lion""}, {""id"": 3714, ""name"": ""human being""}, {""id"": 4391, ""name"": ""wretch""}, {""id"": 4820, ""name"": ""leap in time""}, {""id"": 5144, ""name"": ""matter of life and death""}, {""id"": 6150, ""name"": ""faith""}, {""id"": 6464, ""name"": ""uncle""}, {""id"": 166930, ""name"": ""narnia""}, {""id"": 170362, ""name"": ""fantasy world""}]",The Chronicles of Narnia: Prince Caspian,"One year after their incredible adventures in the Lion, the Witch and the Wardrobe, Peter, Edmund, Lucy and Susan Pevensie return to Narnia to aid a young prince whose life has been threatened by the evil King Miraz. Now, with the help of a colorful cast of new characters, including Trufflehunter the badger and Nikabrik the dwarf, the Pevensie clan embarks on an incredible quest to ensure that Narnia is returned to its rightful heir.",53.978602,"[{""name"": ""Walt Disney"", ""id"": 5888}, {""name"": ""Walden Media"", ""id"": 10221}, {""name"": ""Stillking Films"", ""id"": 11345}, {""name"": ""Ozumi Films"", ""id"": 11440}, {""name"": ""Propeler"", ""id"": 11441}, {""name"": ""Silverbell Films"", ""id"": 11442}, {""name"": ""Revolution Sun Studios"", ""id"": 76043}]","[{""iso_3166_1"": ""CZ"", ""name"": ""Czech Republic""}, {""iso_3166_1"": ""PL"", ""name"": ""Poland""}, {""iso_3166_1"": ""SI"", ""name"": ""Slovenia""}, {""iso_3166_1"": ""US"", ""name"": ""United States of America""}]",419651413,150,"[{""iso_639_1"": ""en"", ""name"": ""English""}]",Hope has a new face.,The Chronicles of Narnia: Prince Caspian,6.3
"[{""id"": 878, ""name"": ""Science Fiction""}, {""id"": 28, ""name"": ""Action""}, {""id"": 12, ""name"": ""Adventure""}]",24428,"[{""id"": 242, ""name"": ""new york""}, {""id"": 5539, ""name"": ""shield""}, {""id"": 8828, ""name"": ""marvel comic""}, {""id"": 9715, ""name"": ""superhero""}, {""id"": 9717, ""name"": ""based on comic book""}, {""id"": 14909, ""name"": ""alien invasion""}, {""id"": 155030, ""name"": ""superhero team""}, {""id"": 179430, ""name"": ""aftercreditsstinger""}, {""id"": 179431, ""name"": ""duringcreditsstinger""}, {""id"": 180547, ""name"": ""marvel cinematic universe""}]",The Avengers,"When an unexpected enemy emerges and threatens global safety and security, Nick Fury, director of the international peacekeeping agency known as S.H.I.E.L.D., finds himself in need of a team to pull the world back from the brink of disaster. Spanning the globe, a daring recruitment effort begins!",144.448633,"[{""name"": ""Paramount Pictures"", ""id"": 4}, {""name"": ""Marvel Studios"", ""id"": 420}]","[{""iso_3166_1"": ""US"", ""name"": ""United States of America""}]",1519557910,143,"[{""iso_639_1"": ""en"", ""name"": ""English""}]",Some assembly required.,The Avengers,7.4
"[{""id"": 12, ""name"": ""Adventure""}, {""id"": 28, ""name"": ""Action""}, {""id"": 14, ""name"": ""Fantasy""}]",1865,"[{""id"": 658, ""name"": ""sea""}, {""id"": 1316, ""name"": ""captain""}, {""id"": 1860, ""name"": ""mutiny""}, {""id"": 1938, ""name"": ""sword""}, {""id"": 2569, ""name"": ""prime minister""}, {""id"": 3180, ""name"": ""sailing""}, {""id"": 3625, ""name"": ""silver""}, {""id"": 3799, ""name"": ""ship""}, {""id"": 4235, ""name"": ""duke""}, {""id"": 5938, ""name"": ""mermaid""}, {""id"": 12988, ""name"": ""pirate""}, {""id"": 13065, ""name"": ""soldier""}, {""id"": 14643, ""name"": ""battle""}, {""id"": 157186, ""name"": ""swashbuckler""}, {""id"": 179430, ""name"": ""aftercreditsstinger""}, {""id"": 209714, ""name"": ""3d""}]",Pirates of the Caribbean: On Stranger Tides,"Captain Jack Sparrow crosses paths with a woman from his past, and he's not sure if it's love -- or if she's a ruthless con artist who's using him to find the fabled Fountain of Youth. When she forces him aboard the Queen Anne's Revenge, the ship of the formidable pirate Blackbeard, Jack finds himself on an unexpected adventure in which he doesn't know who to fear more: Blackbeard or the woman from his past.",135.413856,"[{""name"": ""Walt Disney Pictures"", ""id"": 2}, {""name"": ""Jerry Bruckheimer Films"", ""id"": 130}, {""name"": ""Moving Picture Company (MPC)"", ""id"": 20478}]","[{""iso_3166_1"": ""US"", ""name"": ""United States of America""}]",1045713802,136,"[{""iso_639_1"": ""en"", ""name"": ""English""}, {""iso_639_1"": ""es"", ""name"": ""Espa\u00f1ol""}]",Live Forever Or Die Trying.,Pirates of the Caribbean: On Stranger Tides,6.4
"[{""id"": 28, ""name"": ""Action""}, {""id"": 35, ""name"": ""Comedy""}, {""id"": 878, ""name"": ""Science Fiction""}]",41154,"[{""id"": 4379, ""name"": ""time travel""}, {""id"": 5455, ""name"": ""time machine""}, {""id"": 9951, ""name"": ""alien""}, {""id"": 174915, ""name"": ""fictional government agency""}, {""id"": 185668, ""name"": ""seeing the future""}, {""id"": 208756, ""name"": ""changing history""}]",Men in Black 3,"Agents J (Will Smith) and K (Tommy Lee Jones) are back...in time. J has seen some inexplicable things in his 15 years with the Men in Black, but nothing, not even aliens, perplexes him as much as his wry, reticent partner. But when K's life and the fate of the planet are put at stake, Agent J will have to travel back in time to put things right. J discovers that there are secrets to the universe that K never told him - secrets that will reveal themselves as he teams up with the young Agent K (Josh Brolin) to save his partner, the agency, and the future of humankind.",52.035179,"[{""name"": ""Amblin Entertainment"", ""id"": 56}, {""name"": ""Media Magik Entertainment"", ""id"": 5627}, {""name"": ""Imagenation Abu Dhabi FZ"", ""id"": 6736}, {""name"": ""Hemisphere Media Capital"", ""id"": 9169}, {""name"": ""Parkes/MacDonald Productions"", ""id"": 11084}]","[{""iso_3166_1"": ""US"", ""name"": ""United States of America""}]",624026776,106,"[{""iso_639_1"": ""en"", ""name"": ""English""}]",They are back... in time.,Men in Black 3,6.2
"[{""id"": 28, ""name"": ""Action""}, {""id"": 12, ""name"": ""Adventure""}, {""id"": 14, ""name"": ""Fantasy""}]",122917,"[{""id"": 417, ""name"": ""corruption""}, {""id"": 603, ""name"": ""elves""}, {""id"": 604, ""name"": ""dwarves""}, {""id"": 606, ""name"": ""orcs""}, {""id"": 609, ""name"": ""middle-earth (tolkien)""}, {""id"": 611, ""name"": ""hobbit""}, {""id"": 12554, ""name"": ""dragon""}, {""id"": 14643, ""name"": ""battle""}, {""id"": 167982, ""name"": ""unlikely friendship""}, {""id"": 188270, ""name"": ""epic battle""}, {""id"": 234213, ""name"": ""sword and sorcery""}]",The Hobbit: The Battle of the Five Armies,"Immediately after the events of The Desolation of Smaug, Bilbo and the dwarves try to defend Erebor's mountain of treasure from others who claim it: the men of the ruined Laketown and the elves of Mirkwood. Meanwhile an army of Orcs led by Azog the Defiler is marching on Erebor, fueled by the rise of the dark lord Sauron. Dwarves, elves and men must unite, and the hope for Middle-Earth falls into Bilbo's hands.",120.965743,"[{""name"": ""WingNut Films"", ""id"": 11}, {""name"": ""New Line Cinema"", ""id"": 12}, {""name"": ""Warner Bros. Pictures"", ""id"": 174}, {""name"": ""3Foot7"", ""id"": 7413}, {""name"": ""Metro-Goldwyn-Mayer (MGM)"", ""id"": 8411}]","[{""iso_3166_1"": ""NZ"", ""name"": ""New Zealand""}, {""iso_3166_1"": ""US"", ""name"": ""United States of America""}]",956019788,144,"[{""iso_639_1"": ""en"", ""name"": ""English""}]",Witness the defining chapter of the Middle-Earth saga,The Hobbit: The Battle of the Five Armies,7.1
"[{""id"": 12, ""name"": ""Adventure""}, {""id"": 28, ""name"": ""Action""}, {""id"": 878, ""name"": ""Science Fiction""}]",1930,"[{""id"": 1872, ""name"": ""loss of father""}, {""id"": 7002, ""name"": ""vigilante""}, {""id"": 8803, ""name"": ""serum""}, {""id"": 8828, ""name"": ""marvel comic""}, {""id"": 156855, ""name"": ""scientific experiment""}, {""id"": 158124, ""name"": ""spider bite""}, {""id"": 158456, ""name"": ""masked vigilante""}, {""id"": 161184, ""name"": ""reboot""}, {""id"": 163455, ""name"": ""super powers""}, {""id"": 163561, ""name"": ""genetic engineering""}, {""id"": 171556, ""name"": ""social outcast""}, {""id"": 179431, ""name"": ""duringcreditsstinger""}]",The Amazing Spider-Man,"Peter Parker is an outcast high schooler abandoned by his parents as a boy, leaving him to be raised by his Uncle Ben and Aunt May. Like most teenagers, Peter is trying to figure out who he is and how he got to be the person he is today. As Peter discovers a mysterious briefcase that belonged to his father, he begins a quest to understand his parents' disappearance â€“ leading him directly to Oscorp and the lab of Dr. Curt Connors, his father's former partner. As Spider-Man is set on a collision course with Connors' alter ego, The Lizard, Peter will make life-altering choices to use his powers and shape his destiny to become a hero.",89.866276,"[{""name"": ""Columbia Pictures"", ""id"": 5}, {""name"": ""Laura Ziskin Productions"", ""id"": 326}, {""name"": ""Marvel Entertainment"", ""id"": 7505}]","[{""iso_3166_1"": ""US"", ""name"": ""United States of America""}]",752215857,136,"[{""iso_639_1"": ""en"", ""name"": ""English""}]",The untold story begins.,The Amazing Spider-Man,6.5
"[{""id"": 28, ""name"": ""Action""}, {""id"": 12, ""name"": ""Adventure""}]",20662,"[{""id"": 4147, ""name"": ""robin hood""}, {""id"": 4393, ""name"": ""archer""}, {""id"": 10466, ""name"": ""knight""}, {""id"": 11525, ""name"": ""sherwood forest""}, {""id"": 18101, ""name"": ""bow and arrow""}, {""id"": 41406, ""name"": ""middle ages""}, {""id"": 161257, ""name"": ""medieval""}, {""id"": 186686, ""name"": ""king of england""}]",Robin Hood,"After returning from war, Robin Hood assumes another man's identity and becomes involved in political conflict, rebellion and the fight for justice in medieval England.",37.668301,"[{""name"": ""Imagine Entertainment"", ""id"": 23}, {""name"": ""Universal Pictures"", ""id"": 33}, {""name"": ""Scott Free Productions"", ""id"": 1645}, {""name"": ""Relativity Media"", ""id"": 7295}]","[{""iso_3166_1"": ""GB"", ""name"": ""United Kingdom""}, {""iso_3166_1"": ""US"", ""name"": ""United States of America""}]",310669540,140,"[{""iso_639_1"": ""en"", ""name"": ""English""}, {""iso_639_1"": ""th"", ""name"": ""\u0e20\u0e32\u0e29\u0e32\u0e44\u0e17\u0e22""}]","Rise and rise again, until lambs become lions.",Robin Hood,6.2
"[{""id"": 12, ""name"": ""Adventure""}, {""id"": 14, ""name"": ""Fantasy""}]",57158,"[{""id"": 603, ""name"": ""elves""}, {""id"": 604, ""name"": ""dwarves""}, {""id"": 606, ""name"": ""orcs""}, {""id"": 611, ""name"": ""hobbit""}, {""id"": 12554, ""name"": ""dragon""}, {""id"": 177912, ""name"": ""wizard""}, {""id"": 234213, ""name"": ""sword and sorcery""}]",The Hobbit: The Desolation of Smaug,"Bilbo Baggins, Gandalf and a company of dwarves continue their quest through Middle-Earth to reclaim Erebor from the dragon Smaug while facing dangerous creatures, battles and the growing influence of dark forces.",94.370564,"[{""name"": ""WingNut Films"", ""id"": 11}, {""name"": ""New Line Cinema"", ""id"": 12}, {""name"": ""Warner Bros. Pictures"", ""id"": 174}, {""name"": ""Metro-Goldwyn-Mayer (MGM)"", ""id"": 8411}]","[{""iso_3166_1"": ""NZ"", ""name"": ""New Zealand""}, {""iso_3166_1"": ""US"", ""name"": ""United States of America""}]",958400000,161,"[{""iso_639_1"": ""en"", ""name"": ""English""}]",Beyond darkness... beyond desolation... lies the greatest danger of all.,The Hobbit: The Desolation of Smaug,7.6
"[{""id"": 12, ""name"": ""Adventure""}, {""id"": 14, ""name"": ""Fantasy""}]",2268,"[{""id"": 392, ""name"": ""england""}, {""id"": 1461, ""name"": ""compass""}, {""id"": 1706, ""name"": ""experiment""}, {""id"": 2596, ""name"": ""lordship""}, {""id"": 6464, ""name"": ""uncle""}, {""id"": 6678, ""name"": ""polar bear""}, {""id"": 13014, ""name"": ""orphan""}, {""id"": 18165, ""name"": ""animal""}, {""id"": 223438, ""name"": ""based on young adult novel""}]",The Golden Compass,"After overhearing a shocking secret, precocious orphan Lyra Belacqua trades her carefree existence roaming the halls of Jordan College for an otherworldly adventure in the far North, unaware that it's part of her destiny.",42.990906,"[{""name"": ""New Line Cinema"", ""id"": 12}, {""name"": ""Ingenious Film Partners"", ""id"": 289}, {""name"": ""Depth of Field"", ""id"": 1473}, {""name"": ""Scholastic Productions"", ""id"": 1938}]","[{""iso_3166_1"": ""GB"", ""name"": ""United Kingdom""}, {""iso_3166_1"": ""US"", ""name"": ""United States of America""}]",372234864,113,"[{""iso_639_1"": ""is"", ""name"": ""\u00cdslenska""}, {""iso_639_1"": ""en"", ""name"": ""English""}, {""iso_639_1"": ""ru"", ""name"": ""P\u0443\u0441\u0441\u043a\u0438\u0439""}, {""iso_639_1"": ""fr"", ""name"": ""Fran\u00e7ais""}]",There are worlds beyond our own - the compass will show the way.,The Golden Compass,5.8
"[{""id"": 12, ""name"": ""Adventure""}, {""id"": 18, ""name"": ""Drama""}, {""id"": 28, ""name"": ""Action""}]",254,"[{""id"": 774, ""name"": ""film business""}, {""id"": 776, ""name"": ""screenplay""}, {""id"": 837, ""name"": ""show business""}, {""id"": 886, ""name"": ""film making""}, {""id"": 887, ""name"": ""film producer""}, {""id"": 911, ""name"": ""exotic island""}, {""id"": 1299, ""name"": ""monster""}, {""id"": 1551, ""name"": ""indigenous""}, {""id"": 3799, ""name"": ""ship""}, {""id"": 12616, ""name"": ""dinosaur""}]",King Kong,"In 1933 New York, an overly ambitious movie producer coerces his cast and hired ship crew to travel to mysterious Skull Island, where they encounter Kong, a giant ape who is immediately smitten with the leading lady.",61.22601,"[{""name"": ""WingNut Films"", ""id"": 11}, {""name"": ""Universal Pictures"", ""id"": 33}, {""name"": ""Big Primate Pictures"", ""id"": 68}, {""name"": ""MFPV Film"", ""id"": 69}]","[{""iso_3166_1"": ""NZ"", ""name"": ""New Zealand""}, {""iso_3166_1"": ""US"", ""name"": ""United States of America""}, {""iso_3166_1"": ""DE"", ""name"": ""Germany""}]",550000000,187,"[{""iso_639_1"": ""en"", ""name"": ""English""}]",The eighth wonder of the world.,King Kong,6.6
"[{""id"": 18, ""name"": ""Drama""}, {""id"": 10749, ""name"": ""Romance""}, {""id"": 53, ""name"": ""Thriller""}]",597,"[
 {""id"":1,""name"":""shipwreck""},
 {""id"":2,""name"":""iceberg""},
 {""id"":3,""name"":""ship""},
 {""id"":4,""name"":""panic""},
 {""id"":5,""name"":""titanic""},
 {""id"":6,""name"":""ocean liner""},
 {""id"":7,""name"":""epic""},
 {""id"":8,""name"":""rich woman - poor man""},
 {""id"":9,""name"":""love""},
 {""id"":10,""name"":""disaster""},
 {""id"":11,""name"":""tragic love""},
 {""id"":12,""name"":""class differences""},
 {""id"":13,""name"":""star crossed lovers""},
 {""id"":14,""name"":""steerage""},
 {""id"":15,""name"":""salvage""},
 {""id"":16,""name"":""rich snob""},
 {""id"":17,""name"":""1910s""},
 {""id"":18,""name"":""survival""},
 {""id"":19,""name"":""historical disaster""},
 {""id"":20,""name"":""class conflict""},
 {""id"":21,""name"":""tragedy""}
]",Titanic,A young aristocratic woman and a poor artist fall in love aboard the RMS Titanic during its ill-fated maiden voyage. Their romance unfolds amid class divisions and tragedy as the ship collides with an iceberg and sinks in the North Atlantic.,100.025899,"[{""name"": ""Paramount Pictures"", ""id"": 4}, {""name"": ""Twentieth Century Fox Film Corporation"", ""id"": 306}, {""name"": ""Lightstorm Entertainment"", ""id"": 574}]","[{""iso_3166_1"": ""US"", ""name"": ""United States of America""}]",1845034188,194,"[{""iso_639_1"": ""en"", ""name"": ""English""}, {""iso_639_1"": ""fr"", ""name"": ""Fran\u00e7ais""}, {""iso_639_1"": ""de"", ""name"": ""Deutsch""}, {""iso_639_1"": ""sv"", ""name"": ""svenska""}, {""iso_639_1"": ""it"", ""name"": ""Italiano""}, {""iso_639_1"": ""ru"", ""name"": ""P\u0443\u0441\u0441\u043a\u0438\u0439""}]",Nothing on Earth could come between them.,Titanic,7.5
"[{""id"": 12, ""name"": ""Adventure""}, {""id"": 28, ""name"": ""Action""}, {""id"": 878, ""name"": ""Science Fiction""}]",271110,"[{""id"": 393, ""name"": ""civil war""}, {""id"": 6091, ""name"": ""war""}, {""id"": 8828, ""name"": ""marvel comic""}, {""id"": 9663, ""name"": ""sequel""}, {""id"": 9715, ""name"": ""superhero""}, {""id"": 9717, ""name"": ""based on comic book""}, {""id"": 156395, ""name"": ""imax""}, {""id"": 179430, ""name"": ""aftercreditsstinger""}, {""id"": 179431, ""name"": ""duringcreditsstinger""}, {""id"": 180547, ""name"": ""marvel cinematic universe""}, {""id"": 209714, ""name"": ""3d""}]",Captain America: Civil War,"Following the events of Age of Ultron, the collective governments of the world pass an act designed to regulate all superhuman activity. This polarizes opinion amongst the Avengers, causing two factions to side with Iron Man or Captain America, which causes an epic battle between former allies.",198.372395,"[{""name"": ""Studio Babelsberg"", ""id"": 264}, {""name"": ""Marvel Studios"", ""id"": 420}, {""name"": ""Walt Disney Studios Motion Pictures"", ""id"": 3036}, {""name"": ""Vita-Ray Dutch Productions (III)"", ""id"": 84424}, {""name"": ""Deluxe Digital Studios"", ""id"": 84425}]","[{""iso_3166_1"": ""US"", ""name"": ""United States of America""}]",1153304495,147,"[{""iso_639_1"": ""ro"", ""name"": ""Rom\u00e2n\u0103""}, {""iso_639_1"": ""en"", ""name"": ""English""}, {""iso_639_1"": ""de"", ""name"": ""Deutsch""}, {""iso_639_1"": ""ru"", ""name"": ""P\u0443\u0441\u0441\u043a\u0438\u0439""}]",Divided We Fall,Captain America: Civil War,7.1
"[{""id"": 28, ""name"": ""Action""}, {""id"": 12, ""name"": ""Adventure""}, {""id"": 878, ""name"": ""Science Fiction""}]",44833,"[
 {""id"":1,""name"":""fight""},
 {""id"":2,""name"":""u.s. navy""},
 {""id"":3,""name"":""scientist""},
 {""id"":4,""name"":""fictional war""},
 {""id"":5,""name"":""naval""},
 {""id"":6,""name"":""armada""},
 {""id"":7,""name"":""battleship""},
 {""id"":8,""name"":""naval combat""},
 {""id"":9,""name"":""lost communication""},
 {""id"":10,""name"":""communications expert""},
 {""id"":11,""name"":""crash landing""},
 {""id"":12,""name"":""jet fighter pilot""},
 {""id"":13,""name"":""navy lieutenant""},
 {""id"":14,""name"":""uss john paul jones""},
 {""id"":15,""name"":""based on board game""},
 {""id"":16,""name"":""mighty mo""},
 {""id"":17,""name"":""uss missouri""},
 {""id"":18,""name"":""alien invasion""},
 {""id"":19,""name"":""war""},
 {""id"":20,""name"":""military""},
 {""id"":21,""name"":""survival""}
]",Battleship,"When mankind beams a radio signal into space, a reply comes from â€˜Planet Gâ€™, in the form of several alien crafts that splash down in the waters off Hawaii. Lieutenant Alex Hopper is a weapons officer assigned to the USS John Paul Jones, part of an international naval coalition which becomes the world's last hope for survival as they engage the hostile alien force of unimaginable strength. While taking on the invaders, Hopper must also try to live up to the potential his brother, and his fiancÃ©e's father, Admiral Shane, expect of him.",64.928382,"[{""name"": ""Universal Pictures"", ""id"": 33}, {""name"": ""Hasbro"", ""id"": 2598}, {""name"": ""Bluegrass Films"", ""id"": 13778}, {""name"": ""Film 44"", ""id"": 20153}]","[{""iso_3166_1"": ""US"", ""name"": ""United States of America""}]",303025485,131,"[{""iso_639_1"": ""en"", ""name"": ""English""}, {""iso_639_1"": ""th"", ""name"": ""\u0e20\u0e32\u0e29\u0e32\u0e44\u0e17\u0e22""}]",The Battle for Earth Begins at Sea,Battleship,5.5
"[{""id"": 28, ""name"": ""Action""}, {""id"": 12, ""name"": ""Adventure""}, {""id"": 878, ""name"": ""Science Fiction""}, {""id"": 53, ""name"": ""Thriller""}]",135397,"[{""id"": 1299, ""name"": ""monster""}, {""id"": 1718, ""name"": ""dna""}, {""id"": 1720, ""name"": ""tyrannosaurus rex""}, {""id"": 1766, ""name"": ""velociraptor""}, {""id"": 2041, ""name"": ""island""}, {""id"": 9663, ""name"": ""sequel""}, {""id"": 9937, ""name"": ""suspense""}, {""id"": 10617, ""name"": ""disaster""}, {""id"": 10685, ""name"": ""escape""}, {""id"": 12616, ""name"": ""dinosaur""}, {""id"": 155582, ""name"": ""amusement park""}, {""id"": 158130, ""name"": ""animal attack""}, {""id"": 158340, ""name"": ""theme park""}, {""id"": 178010, ""name"": ""jurassic park""}, {""id"": 209714, ""name"": ""3d""}, {""id"": 223059, ""name"": ""animal horror""}]",Jurassic World,"Twenty-two years after Jurassic Park, a fully operational dinosaur theme park attracts visitors until a genetically engineered dinosaur escapes, triggering chaos and a fight for survival.",418.708552,"[{""name"": ""Universal Studios"", ""id"": 13}, {""name"": ""Amblin Entertainment"", ""id"": 56}, {""name"": ""Legendary Pictures"", ""id"": 923}, {""name"": ""Fuji Television Network"", ""id"": 3341}, {""name"": ""Dentsu"", ""id"": 6452}]","[{""iso_3166_1"": ""US"", ""name"": ""United States of America""}]",1513528810,124,"[{""iso_639_1"": ""en"", ""name"": ""English""}]",The park is open.,Jurassic World,6.5
"[{""id"": 28, ""name"": ""Action""}, {""id"": 12, ""name"": ""Adventure""}, {""id"": 53, ""name"": ""Thriller""}]",37724,"[{""id"": 470, ""name"": ""spy""}, {""id"": 4289, ""name"": ""secret agent""}, {""id"": 9740, ""name"": ""sociopath""}, {""id"": 15127, ""name"": ""killer""}, {""id"": 15478, ""name"": ""art gallery""}, {""id"": 156095, ""name"": ""british secret service""}, {""id"": 156345, ""name"": ""istanbul turkey""}, {""id"": 156395, ""name"": ""imax""}, {""id"": 159932, ""name"": ""uzi""}, {""id"": 163841, ""name"": ""booby trap""}, {""id"": 185071, ""name"": ""impersonating a police officer""}, {""id"": 185077, ""name"": ""macao""}]",Skyfall,"When Bond's latest assignment goes gravely wrong and agents around the world are exposed, MI6 is attacked forcing M to relocate the agency. These events cause her authority and position to be challenged by Gareth Mallory, the new Chairman of the Intelligence and Security Committee. With MI6 now compromised from both inside and out, M is left with one ally she can trust: Bond. 007 takes to the shadows - aided only by field agent, Eve - following a trail to the mysterious Silva, whose lethal and hidden motives have yet to reveal themselves.",93.004993,"[{""name"": ""Columbia Pictures"", ""id"": 5}]","[{""iso_3166_1"": ""GB"", ""name"": ""United Kingdom""}, {""iso_3166_1"": ""US"", ""name"": ""United States of America""}]",1108561013,143,"[{""iso_639_1"": ""en"", ""name"": ""English""}]",Think on your sins.,Skyfall,6.9
"[{""id"": 28, ""name"": ""Action""}, {""id"": 12, ""name"": ""Adventure""}, {""id"": 878, ""name"": ""Science Fiction""}]",558,"[{""id"": 851, ""name"": ""dual identity""}, {""id"": 2038, ""name"": ""love of one's life""}, {""id"": 5983, ""name"": ""pizza boy""}, {""id"": 8828, ""name"": ""marvel comic""}, {""id"": 9663, ""name"": ""sequel""}, {""id"": 9715, ""name"": ""superhero""}, {""id"": 13005, ""name"": ""doctor""}, {""id"": 14760, ""name"": ""scientist""}, {""id"": 14991, ""name"": ""tentacle""}, {""id"": 34079, ""name"": ""death""}, {""id"": 163074, ""name"": ""super villain""}]",Spider-Man 2,"Peter Parker is going through a major identity crisis. Burned out from being Spider-Man, he decides to shelve his superhero alter ego, which leaves the city suffering in the wake of carnage left by the evil Doc Ock. In the meantime, Parker still can't act on his feelings for Mary Jane Watson, a girl he's loved since childhood.",35.149586,"[{""name"": ""Columbia Pictures"", ""id"": 5}, {""name"": ""Laura Ziskin Productions"", ""id"": 326}, {""name"": ""Marvel Enterprises"", ""id"": 19551}]","[{""iso_3166_1"": ""US"", ""name"": ""United States of America""}]",783766341,127,"[{""iso_639_1"": ""en"", ""name"": ""English""}, {""iso_639_1"": ""ru"", ""name"": ""P\u0443\u0441\u0441\u043a\u0438\u0439""}, {""iso_639_1"": ""zh"", ""name"": ""\u666e\u901a\u8bdd""}]",There's a hero in all of us.,Spider-Man 2,6.7
"[{""id"": 28, ""name"": ""Action""}, {""id"": 12, ""name"": ""Adventure""}, {""id"": 878, ""name"": ""Science Fiction""}]",68721,"[{""id"": 949, ""name"": ""terrorist""}, {""id"": 5597, ""name"": ""war on terror""}, {""id"": 6335, ""name"": ""tennessee""}, {""id"": 8613, ""name"": ""malibu""}, {""id"": 8828, ""name"": ""marvel comic""}, {""id"": 9715, ""name"": ""superhero""}, {""id"": 9717, ""name"": ""based on comic book""}, {""id"": 12555, ""name"": ""tony stark""}, {""id"": 173776, ""name"": ""iron man""}, {""id"": 179430, ""name"": ""aftercreditsstinger""}, {""id"": 180547, ""name"": ""marvel cinematic universe""}, {""id"": 188721, ""name"": ""mandarin""}, {""id"": 209714, ""name"": ""3d""}, {""id"": 209748, ""name"": ""war machine""}, {""id"": 209822, ""name"": ""iron patriot""}, {""id"": 209823, ""name"": ""extremis""}]",Iron Man 3,"After a devastating terrorist attack led by the Mandarin, Tony Stark faces personal and technological challenges while rebuilding himself and protecting those closest to him.",77.68208,"[{""name"": ""Marvel Studios"", ""id"": 420}]","[{""iso_3166_1"": ""CN"", ""name"": ""China""}, {""iso_3166_1"": ""US"", ""name"": ""United States of America""}]",1215439994,130,"[{""iso_639_1"": ""en"", ""name"": ""English""}]",Unleash the power behind the armor.,Iron Man 3,6.8
"[{""id"": 10751, ""name"": ""Family""}, {""id"": 14, ""name"": ""Fantasy""}, {""id"": 12, ""name"": ""Adventure""}]",12155,"[{""id"": 818, ""name"": ""based on novel""}, {""id"": 855, ""name"": ""fictional place""}, {""id"": 2011, ""name"": ""queen""}, {""id"": 2486, ""name"": ""fantasy""}, {""id"": 12552, ""name"": ""alice in wonderland""}, {""id"": 170362, ""name"": ""fantasy world""}, {""id"": 209714, ""name"": ""3d""}]",Alice in Wonderland,"Alice, an unpretentious and individual 19-year-old, is betrothed to a dunce of an English nobleman. At her engagement party, she escapes the crowd to consider whether to go through with the marriage and falls down a hole in the garden after spotting an unusual rabbit. Arriving in a strange and surreal place called 'Underland,' she finds herself in a world that resembles the nightmares she had as a child, filled with talking animals, villainous queens and knights, and frumious bandersnatches. Alice realizes that she is there for a reason â€“ to conquer the horrific Jabberwocky and restore the rightful queen to her throne.",78.530105,"[{""name"": ""Walt Disney Pictures"", ""id"": 2}, {""name"": ""Team Todd"", ""id"": 598}, {""name"": ""Tim Burton Productions"", ""id"": 8601}, {""name"": ""Roth Films"", ""id"": 16314}, {""name"": ""Zanuck Company, The"", ""id"": 20004}]","[{""iso_3166_1"": ""US"", ""name"": ""United States of America""}]",1025491110,108,"[{""iso_639_1"": ""en"", ""name"": ""English""}]",You're invited to a very important date.,Alice in Wonderland,6.4
"[{""id"": 12, ""name"": ""Adventure""}, {""id"": 28, ""name"": ""Action""}, {""id"": 878, ""name"": ""Science Fiction""}, {""id"": 53, ""name"": ""Thriller""}]",36668,"[{""id"": 1852, ""name"": ""mutant""}, {""id"": 8828, ""name"": ""marvel comic""}, {""id"": 9717, ""name"": ""based on comic book""}, {""id"": 10761, ""name"": ""superhuman""}, {""id"": 161271, ""name"": ""beast""}, {""id"": 161893, ""name"": ""cyclops""}, {""id"": 179430, ""name"": ""aftercreditsstinger""}]",X-Men: The Last Stand,"When a cure for mutation threatens mutant identity, the X-Men face internal conflict and battle Magneto�s growing movement in a struggle over coexistence and power.",3.857526,"[{""name"": ""Ingenious Film Partners"", ""id"": 289}, {""name"": ""Twentieth Century Fox Film Corporation"", ""id"": 306}, {""name"": ""Donners' Company"", ""id"": 431}, {""name"": ""Dune Entertainment"", ""id"": 444}, {""name"": ""Major Studio Partners"", ""id"": 445}, {""name"": ""Bad Hat Harry Productions"", ""id"": 9168}, {""name"": ""thinkfilm"", ""id"": 12247}, {""name"": ""Marvel Enterprises"", ""id"": 19551}, {""name"": ""X3 Canada Productions"", ""id"": 79028}, {""name"": ""X3US Productions"", ""id"": 79029}, {""name"": ""XM3 Service"", ""id"": 79030}]","[{""iso_3166_1"": ""CA"", ""name"": ""Canada""}, {""iso_3166_1"": ""GB"", ""name"": ""United Kingdom""}, {""iso_3166_1"": ""US"", ""name"": ""United States of America""}]",459359555,104,"[{""iso_639_1"": ""en"", ""name"": ""English""}]",Take a Stand,X-Men: The Last Stand,6.3
"[{""id"": 16, ""name"": ""Animation""}, {""id"": 10751, ""name"": ""Family""}, {""id"": 1751, ""name"": ""Comedy""}]",62211,"[{""id"": 1299, ""name"": ""monster""}, {""id"": 5984, ""name"": ""dormitory""}, {""id"": 6186, ""name"": ""games""}, {""id"": 10336, ""name"": ""animation""}, {""id"": 12392, ""name"": ""best friend""}, {""id"": 13160, ""name"": ""university""}, {""id"": 163303, ""name"": ""scary""}, {""id"": 179430, ""name"": ""aftercreditsstinger""}]",Monsters University,Mike and Sulley meet at Monsters University and compete to become top scarers before forming an unlikely friendship during a series of challenges and adventures.,89.186492,"[{""name"": ""Walt Disney Pictures"", ""id"": 2}, {""name"": ""Pixar Animation Studios"", ""id"": 3}]","[{""iso_3166_1"": ""US"", ""name"": ""United States of America""}]",743559607,104,"[{""iso_639_1"": ""en"", ""name"": ""English""}]",School never looked this scary.,Monsters University,7
"[{""id"": 878, ""name"": ""Science Fiction""}, {""id"": 28, ""name"": ""Action""}, {""id"": 12, ""name"": ""Adventure""}]",8373,"[{""id"": 1160, ""name"": ""egypt""}, {""id"": 1670, ""name"": ""sun""}, {""id"": 4630, ""name"": ""chaos""}, {""id"": 8264, ""name"": ""symbol""}, {""id"": 9854, ""name"": ""artifact""}, {""id"": 10607, ""name"": ""transformers""}, {""id"": 11117, ""name"": ""tank""}, {""id"": 14544, ""name"": ""robot""}, {""id"": 156395, ""name"": ""imax""}, {""id"": 179431, ""name"": ""duringcreditsstinger""}]",Transformers: Revenge of the Fallen,"Sam Witwicky leaves the Autobots behind for a normal life. But when his mind is filled with cryptic symbols, the Decepticons target him and he is dragged back into the Transformers' war.",21.939663,"[{""name"": ""Paramount Pictures"", ""id"": 4}, {""name"": ""DreamWorks SKG"", ""id"": 27}, {""name"": ""Amblin Entertainment"", ""id"": 56}, {""name"": ""Di Bonaventura Pictures"", ""id"": 435}, {""name"": ""Platinum Dunes"", ""id"": 2481}, {""name"": ""Hasbro Studios"", ""id"": 22826}, {""name"": ""Revolution Sun Studios"", ""id"": 76043}]","[{""iso_3166_1"": ""US"", ""name"": ""United States of America""}]",836297228,150,"[{""iso_639_1"": ""en"", ""name"": ""English""}, {""iso_639_1"": ""es"", ""name"": ""Espa\u00f1ol""}]",Revenge is coming.,Transformers: Revenge of the Fallen,6
"[{""id"": 878, ""name"": ""Science Fiction""}, {""id"": 28, ""name"": ""Action""}, {""id"": 12, ""name"": ""Adventure""}]",91314,"[
 {""id"":1,""name"":""sequel""},
 {""id"":2,""name"":""alien""},
 {""id"":3,""name"":""transformers""},
 {""id"":4,""name"":""giant robot""},
 {""id"":5,""name"":""robot""},
 {""id"":6,""name"":""transforming robot""},
 {""id"":7,""name"":""robot war""},
 {""id"":8,""name"":""alien technology""},
 {""id"":9,""name"":""battle""},
 {""id"":10,""name"":""future""},
 {""id"":11,""name"":""destruction""},
 {""id"":12,""name"":""survival""}
]",Transformers: Age of Extinction,"As humanity picks up the pieces, following the conclusion of ""Transformers: Dark of the Moon,"" Autobots and Decepticons have all but vanished from the face of the planet. However, a group of powerful, ingenious businessman and scientists attempt to learn from past Transformer incursions and push the boundaries of technology beyond what they can control - all while an ancient, powerful Transformer menace sets Earth in his cross-hairs.",116.840296,"[{""name"": ""Paramount Pictures"", ""id"": 4}, {""name"": ""Amblin Entertainment"", ""id"": 56}, {""name"": ""Di Bonaventura Pictures"", ""id"": 435}, {""name"": ""Platinum Dunes"", ""id"": 2481}, {""name"": ""China Movie Channel"", ""id"": 11413}, {""name"": ""Hasbro Studios"", ""id"": 22826}, {""name"": ""Ian Bryce Productions"", ""id"": 38833}, {""name"": ""Revolution Sun Studios"", ""id"": 76043}]","[{""iso_3166_1"": ""US"", ""name"": ""United States of America""}]",1091405097,165,"[{""iso_639_1"": ""en"", ""name"": ""English""}]",This is not war. It's extinction.,Transformers: Age of Extinction,5.8
"[{""id"": 14, ""name"": ""Fantasy""}, {""id"": 12, ""name"": ""Adventure""}, {""id"": 10751, ""name"": ""Family""}]",68728,"[{""id"": 291, ""name"": ""circus""}, {""id"": 616, ""name"": ""witch""}, {""id"": 2343, ""name"": ""magic""}, {""id"": 3929, ""name"": ""hope""}, {""id"": 4662, ""name"": ""illusion""}, {""id"": 44451, ""name"": ""lost""}, {""id"": 172365, ""name"": ""magic trick""}, {""id"": 177912, ""name"": ""wizard""}, {""id"": 209714, ""name"": ""3d""}]",Oz: The Great and Powerful,"Oscar Diggs, a small-time circus illusionist and con-artist, is whisked from Kansas to the Land of Oz where the inhabitants assume he's the great wizard of prophecy, there to save Oz from the clutches of evil.",46.985445,"[{""name"": ""Walt Disney Pictures"", ""id"": 2}, {""name"": ""Roth Films"", ""id"": 16314}]","[{""iso_3166_1"": ""US"", ""name"": ""United States of America""}]",491868548,130,"[{""iso_639_1"": ""en"", ""name"": ""English""}]","In Oz, nothing is what it seems",Oz: The Great and Powerful,5.7
"[{""id"": 12, ""name"": ""Adventure""}, {""id"": 28, ""name"": ""Action""}, {""id"": 878, ""name"": ""Science Fiction""}]",102382,"[
 {""id"":1,""name"":""obsession""},
 {""id"":2,""name"":""marvel comic""},
 {""id"":3,""name"":""sequel""},
 {""id"":4,""name"":""based on comic book""},
 {""id"":5,""name"":""electrocution""},
 {""id"":6,""name"":""medical experiment""},
 {""id"":7,""name"":""electricity""},
 {""id"":8,""name"":""super powers""},
 {""id"":9,""name"":""spider-man""},
 {""id"":10,""name"":""superhero""},
 {""id"":11,""name"":""vigilante""},
 {""id"":12,""name"":""new york""},
 {""id"":13,""name"":""villain""},
 {""id"":14,""name"":""hero""},
 {""id"":15,""name"":""science""},
 {""id"":16,""name"":""identity""}
]",The Amazing Spider-Man 2,"For Peter Parker, life is busy. Between taking out the bad guys as Spider-Man and spending time with the person he loves, Gwen Stacy, high school graduation cannot come quickly enough. Peter has not forgotten about the promise he made to Gwenâ€™s father to protect her by staying away, but that is a promise he cannot keep. Things will change for Peter when a new villain, Electro, emerges, an old friend, Harry Osborn, returns, and Peter uncovers new clues about his past.",89.270217,"[{""name"": ""Columbia Pictures"", ""id"": 5}, {""name"": ""Marvel Enterprises"", ""id"": 19551}, {""name"": ""Avi Arad Productions"", ""id"": 31828}, {""name"": ""Matt Tolmach Productions"", ""id"": 53462}]","[{""iso_3166_1"": ""US"", ""name"": ""United States of America""}]",705717432,142,"[{""iso_639_1"": ""en"", ""name"": ""English""}]",No more secrets.,The Amazing Spider-Man 2,6.5
"[{""id"": 12, ""name"": ""Adventure""}, {""id"": 28, ""name"": ""Action""}, {""id"": 878, ""name"": ""Science Fiction""}]",20526,"[{""id"": 310, ""name"": ""artificial intelligence""}, {""id"": 1308, ""name"": ""secret identity""}, {""id"": 4286, ""name"": ""computer program""}, {""id"": 4565, ""name"": ""dystopia""}, {""id"": 6104, ""name"": ""computer""}, {""id"": 9758, ""name"": ""deception""}, {""id"": 12965, ""name"": ""duel""}, {""id"": 14735, ""name"": ""motorcycle""}, {""id"": 185351, ""name"": ""neon light""}, {""id"": 236778, ""name"": ""autocracy""}]",TRON: Legacy,"Sam Flynn, the tech-savvy and daring son of Kevin Flynn, investigates his father's disappearance and is pulled into The Grid. With the help of a mysterious program named Quorra, Sam quests to stop evil dictator Clu from crossing into the real world.",73.79505,"[{""name"": ""Walt Disney Pictures"", ""id"": 2}, {""name"": ""LivePlanet"", ""id"": 7161}, {""name"": ""Prana Studios"", ""id"": 18713}, {""name"": ""Sean Bailey Productions"", ""id"": 23791}, {""name"": ""Revolution Sun Studios"", ""id"": 76043}, {""name"": ""Kontsept Film Company"", ""id"": 76067}]","[{""iso_3166_1"": ""US"", ""name"": ""United States of America""}]",400062763,125,"[{""iso_639_1"": ""en"", ""name"": ""English""}]",The Game Has Changed.,TRON: Legacy,6.3
"[{""id"": 16, ""name"": ""Animation""}, {""id"": 10751, ""name"": ""Family""}, {""id"": 12, ""name"": ""Adventure""}, {""id"": 35, ""name"": ""Comedy""}, {""id"": 135, ""name"": ""Action""}]",49013,"[
 {""id"":1,""name"":""car race""},
 {""id"":2,""name"":""sequel""},
 {""id"":3,""name"":""comedy""},
 {""id"":4,""name"":""anthropomorphism""},
 {""id"":5,""name"":""best friend""},
 {""id"":6,""name"":""spy""},
 {""id"":7,""name"":""international mission""},
 {""id"":8,""name"":""racing""},
 {""id"":9,""name"":""secret agent""},
 {""id"":10,""name"":""adventure""},
 {""id"":11,""name"":""animated""},
 {""id"":12,""name"":""espionage""}
]",Cars 2,Star race car Lightning McQueen and his pal Mater head overseas to compete in the World Grand Prix race. But the road to the championship becomes rocky as Mater gets caught up in an intriguing adventure of his own: international espionage.,49.98659,"[{""name"": ""Walt Disney Pictures"", ""id"": 2}, {""name"": ""Pixar Animation Studios"", ""id"": 3}]","[{""iso_3166_1"": ""US"", ""name"": ""United States of America""}]",559852396,106,"[{""iso_639_1"": ""en"", ""name"": ""English""}, {""iso_639_1"": ""ja"", ""name"": ""\u65e5\u672c\u8a9e""}, {""iso_639_1"": ""it"", ""name"": ""Italiano""}, {""iso_639_1"": ""fr"", ""name"": ""Fran\u00e7ais""}]",Ka-ciao!,Cars 2,5.8
"[{""id"": 12, ""name"": ""Adventure""}, {""id"": 28, ""name"": ""Action""}, {""id"": 878, ""name"": ""Science Fiction""}]",44912,"[{""id"": 849, ""name"": ""dc comics""}, {""id"": 4375, ""name"": ""transformation""}, {""id"": 9715, ""name"": ""superhero""}, {""id"": 9951, ""name"": ""alien""}, {""id"": 15250, ""name"": ""alien infection""}, {""id"": 15252, ""name"": ""magical object""}, {""id"": 15254, ""name"": ""protector""}, {""id"": 163455, ""name"": ""super powers""}, {""id"": 202540, ""name"": ""origin""}, {""id"": 209714, ""name"": ""3d""}]",Green Lantern,"For centuries, a small but powerful force of warriors called the Green Lantern Corps has sworn to keep intergalactic order. Each Green Lantern wears a ring that grants him superpowers. But when a new enemy called Parallax threatens to destroy the balance of power in the Universe, their fate and the fate of Earth lie in the hands of the first human ever recruited.",51.872839,"[{""name"": ""De Line Pictures"", ""id"": 2609}, {""name"": ""Warner Bros."", ""id"": 6194}, {""name"": ""DC Entertainment"", ""id"": 9993}]","[{""iso_3166_1"": ""US"", ""name"": ""United States of America""}]",219851172,114,"[{""iso_639_1"": ""en"", ""name"": ""English""}]","In our darkest hour, there will be light.",Green Lantern,5.1
"[{""id"": 16, ""name"": ""Animation""}, {""id"": 10751, ""name"": ""Family""}, {""id"": 35, ""name"": ""Comedy""}, {""id"": 35, ""name"": ""Adventure""}]",10193,"[{""id"": 1562, ""name"": ""hostage""}, {""id"": 3616, ""name"": ""college""}, {""id"": 4290, ""name"": ""toy""}, {""id"": 5462, ""name"": ""barbie""}, {""id"": 10336, ""name"": ""animation""}, {""id"": 10685, ""name"": ""escape""}, {""id"": 33794, ""name"": ""day care""}, {""id"": 158162, ""name"": ""teddy bear""}, {""id"": 179431, ""name"": ""duringcreditsstinger""}, {""id"": 187065, ""name"": ""toy comes to life""}, {""id"": 209386, ""name"": ""personification""}, {""id"": 209387, ""name"": ""inanimate objects coming to life""}, {""id"": 224516, ""name"": ""toy story""}]",Toy Story 3,"Woody, Buzz, and the rest of Andy's toys haven't been played with in years. With Andy about to go to college, the gang find themselves accidentally left at a nefarious day care center. The toys must band together to escape and return home to Andy.",59.995418,"[{""name"": ""Walt Disney Pictures"", ""id"": 2}, {""name"": ""Pixar Animation Studios"", ""id"": 3}]","[{""iso_3166_1"": ""US"", ""name"": ""United States of America""}]",1066969703,103,"[{""iso_639_1"": ""en"", ""name"": ""English""}, {""iso_639_1"": ""es"", ""name"": ""Espa\u00f1ol""}]",No toy gets left behind.,Toy Story 3,7.6
"[{""id"": 28, ""name"": ""Action""}, {""id"": 878, ""name"": ""Science Fiction""}, {""id"": 53, ""name"": ""Thriller""}]",534,"[{""id"": 83, ""name"": ""saving the world""}, {""id"": 310, ""name"": ""artificial intelligence""}, {""id"": 530, ""name"": ""prophecy""}, {""id"": 582, ""name"": ""san francisco""}, {""id"": 679, ""name"": ""cyborg""}, {""id"": 1373, ""name"": ""killer robot""}, {""id"": 1420, ""name"": ""gas station""}, {""id"": 4458, ""name"": ""post-apocalyptic""}, {""id"": 4565, ""name"": ""dystopia""}, {""id"": 6092, ""name"": ""army""}, {""id"": 6112, ""name"": ""firearm""}, {""id"": 11159, ""name"": ""wartime""}, {""id"": 12670, ""name"": ""los angeles""}]",Terminator Salvation,"All grown up in post-apocalyptic 2018, John Connor must lead the resistance of humans against the increasingly dominating militaristic robots. But when Marcus Wright appears, his existence confuses the mission as Connor tries to determine whether Wright has come from the future or the past -- and whether he's friend or foe.",71.862892,"[{""name"": ""Columbia Pictures"", ""id"": 5}, {""name"": ""The Halcyon Company"", ""id"": 4021}, {""name"": ""Wonderland Sound and Vision"", ""id"": 4022}, {""name"": ""Warner Bros."", ""id"": 6194}]","[{""iso_3166_1"": ""DE"", ""name"": ""Germany""}, {""iso_3166_1"": ""IT"", ""name"": ""Italy""}, {""iso_3166_1"": ""GB"", ""name"": ""United Kingdom""}, {""iso_3166_1"": ""US"", ""name"": ""United States of America""}]",371353001,115,"[{""iso_639_1"": ""en"", ""name"": ""English""}, {""iso_639_1"": ""it"", ""name"": ""Italiano""}]",The End Begins.,Terminator Salvation,5.9
"[{""id"": 28, ""name"": ""Action""}, {""id"": 80, ""name"": ""Crime""}, {""id"": 53, ""name"": ""Thriller""}]",168259,"[
 {""id"":1,""name"":""car race""},
 {""id"":2,""name"":""revenge""},
 {""id"":3,""name"":""suspense""},
 {""id"":4,""name"":""car""},
 {""id"":5,""name"":""muscle car""},
 {""id"":6,""name"":""heist""},
 {""id"":7,""name"":""team""},
 {""id"":8,""name"":""street racing""},
 {""id"":9,""name"":""car chase""},
 {""id"":10,""name"":""family""},
 {""id"":11,""name"":""action""},
 {""id"":12,""name"":""crime""},
 {""id"":13,""name"":""mission""}
]",Furious 7,"Dominic Toretto and his crew are targeted by Deckard Shaw, who seeks revenge for his injured brother. The team embarks on a global action mission involving high-speed chases, espionage and dangerous stunts to protect their family.",102.322217,"[{""name"": ""Universal Pictures"", ""id"": 33}, {""name"": ""Original Film"", ""id"": 333}, {""name"": ""Fuji Television Network"", ""id"": 3341}, {""name"": ""Dentsu"", ""id"": 6452}, {""name"": ""One Race Films"", ""id"": 7154}, {""name"": ""China Film Co."", ""id"": 40890}, {""name"": ""Qu\u00e9bec Production Services Tax Credit"", ""id"": 86352}, {""name"": ""Media Rights Capital (MRC)"", ""id"": 86655}, {""name"": ""Abu Dhabi Film Commission"", ""id"": 87857}, {""name"": ""Colorado Office of Film, Television & Media"", ""id"": 87858}]","[{""iso_3166_1"": ""JP"", ""name"": ""Japan""}, {""iso_3166_1"": ""US"", ""name"": ""United States of America""}]",1506249360,137,"[{""iso_639_1"": ""en"", ""name"": ""English""}]",Vengeance Hits Home,Furious 7,7.3
"[{""id"": 28, ""name"": ""Action""}, {""id"": 27, ""name"": ""Horror""}, {""id"": 878, ""name"": ""Science Fiction""}, {""id"": 53, ""name"": ""Thriller""}]",72190,"[{""id"": 4565, ""name"": ""dystopia""}, {""id"": 12332, ""name"": ""apocalypse""}, {""id"": 12377, ""name"": ""zombie""}, {""id"": 160381, ""name"": ""nuclear weapons""}, {""id"": 180635, ""name"": ""multiple perspectives""}, {""id"": 186565, ""name"": ""zombie apocalypse""}]",World War Z,"Life for former United Nations investigator Gerry Lane and his family seems content. Suddenly, the world is plagued by a mysterious infection turning whole human populations into rampaging mindless zombies. After barely escaping the chaos, Lane is persuaded to go on a mission to investigate this disease. What follows is a perilous trek around the world where Lane must brave horrific dangers and long odds to find answers before human civilization falls.",81.834855,"[{""name"": ""Paramount Pictures"", ""id"": 4}, {""name"": ""GK Films"", ""id"": 3281}, {""name"": ""Skydance Productions"", ""id"": 6277}, {""name"": ""Hemisphere Media Capital"", ""id"": 9169}, {""name"": ""Apparatus Productions"", ""id"": 11956}, {""name"": ""Latina Pictures"", ""id"": 19108}, {""name"": ""2DUX\u00b2"", ""id"": 23644}]","[{""iso_3166_1"": ""US"", ""name"": ""United States of America""}, {""iso_3166_1"": ""MT"", ""name"": ""Malta""}]",531865000,116,"[{""iso_639_1"": ""en"", ""name"": ""English""}]",Remember Philly!,World War Z,6.7
"[{""id"": 28, ""name"": ""Action""}, {""id"": 12, ""name"": ""Adventure""}, {""id"": 878, ""name"": ""Science Fiction""}]",127585,"[{""id"": 1228, ""name"": ""1970s""}, {""id"": 1852, ""name"": ""mutant""}, {""id"": 4379, ""name"": ""time travel""}, {""id"": 8828, ""name"": ""marvel comic""}, {""id"": 9717, ""name"": ""based on comic book""}, {""id"": 10761, ""name"": ""superhuman""}, {""id"": 14527, ""name"": ""storm""}, {""id"": 161271, ""name"": ""beast""}, {""id"": 179430, ""name"": ""aftercreditsstinger""}, {""id"": 206736, ""name"": ""changing the past or future""}]",X-Men: Days of Future Past,The ultimate X-Men ensemble fights a war for the survival of the species across two time periods as they join forces with their younger selves in an epic battle that must change the past â€“ to save our future.,118.078691,"[{""name"": ""Twentieth Century Fox Film Corporation"", ""id"": 306}, {""name"": ""Donners' Company"", ""id"": 431}, {""name"": ""Marvel Entertainment"", ""id"": 7505}, {""name"": ""Bad Hat Harry Productions"", ""id"": 9168}, {""name"": ""TSG Entertainment"", ""id"": 22213}, {""name"": ""Down Productions"", ""id"": 37336}, {""name"": ""Revolution Sun Studios"", ""id"": 76043}]","[{""iso_3166_1"": ""GB"", ""name"": ""United Kingdom""}, {""iso_3166_1"": ""US"", ""name"": ""United States of America""}]",747862775,131,"[{""iso_639_1"": ""en"", ""name"": ""English""}]","To save the future, they must alter the past",X-Men: Days of Future Past,7.5
"[{""id"": 28, ""name"": ""Action""}, {""id"": 12, ""name"": ""Adventure""}, {""id"": 878, ""name"": ""Science Fiction""}]",54138,"[{""id"": 1612, ""name"": ""spacecraft""}, {""id"": 6054, ""name"": ""friendship""}, {""id"": 9663, ""name"": ""sequel""}, {""id"": 9685, ""name"": ""futuristic""}, {""id"": 9882, ""name"": ""space""}, {""id"": 9951, ""name"": ""alien""}, {""id"": 156395, ""name"": ""imax""}, {""id"": 161176, ""name"": ""space opera""}, {""id"": 179569, ""name"": ""terrorist bombing""}, {""id"": 209714, ""name"": ""3d""}]",Star Trek Into Darkness,"When the crew of the Enterprise is called back home, they find an unstoppable force of terror from within their own organization has detonated the fleet and everything it stands for, leaving our world in a state of crisis.  With a personal score to settle, Captain Kirk leads a manhunt to a war-zone world to capture a one man weapon of mass destruction. As our heroes are propelled into an epic chess game of life and death, love will be challenged, friendships will be torn apart, and sacrifices must be made for the only family Kirk has left: his crew.",78.291018,"[{""name"": ""Paramount Pictures"", ""id"": 4}, {""name"": ""Skydance Productions"", ""id"": 6277}, {""name"": ""Bad Robot"", ""id"": 11461}, {""name"": ""Kurtzman/Orci"", ""id"": 12536}]","[{""iso_3166_1"": ""US"", ""name"": ""United States of America""}]",467365246,132,"[{""iso_639_1"": ""en"", ""name"": ""English""}]",Earth Will Fall,Star Trek Into Darkness,7.4
"[{""id"": 28, ""name"": ""Action""}, {""id"": 10751, ""name"": ""Family""}, {""id"": 14, ""name"": ""Fantasy""}]",81005,"[
 {""id"":1,""name"":""based on fairy tale""},
 {""id"":2,""name"":""giant""},
 {""id"":3,""name"":""kingdom""},
 {""id"":4,""name"":""adventure""},
 {""id"":5,""name"":""magic""},
 {""id"":6,""name"":""princess""},
 {""id"":7,""name"":""battle""},
 {""id"":8,""name"":""fantasy world""},
 {""id"":9,""name"":""hero""}
]",Jack the Giant Slayer,"The story of an ancient war that is reignited when a young farmhand unwittingly opens a gateway between our world and a fearsome race of giants. Unleashed on the Earth for the first time in centuries, the giants strive to reclaim the land they once lost, forcing the young man, Jack into the battle of his life to stop them. Fighting for a kingdom, its people, and the love of a brave princess, he comes face to face with the unstoppable warriors he thought only existed in legendâ€“and gets the chance to become a legend himself.",43.349855,"[{""name"": ""New Line Cinema"", ""id"": 12}, {""name"": ""Original Film"", ""id"": 333}, {""name"": ""Legendary Pictures"", ""id"": 923}, {""name"": ""Warner Bros."", ""id"": 6194}, {""name"": ""Big Kid Pictures"", ""id"": 8406}, {""name"": ""Bad Hat Harry Productions"", ""id"": 9168}]","[{""iso_3166_1"": ""US"", ""name"": ""United States of America""}]",197687603,114,"[{""iso_639_1"": ""en"", ""name"": ""English""}]",Prepare for a giant adventure,Jack the Giant Slayer,5.5
"[{""id"": 18, ""name"": ""Drama""}, {""id"": 10749, ""name"": ""Romance""}]",64682,"[
 {""id"":1,""name"":""based on novel""},
 {""id"":2,""name"":""infidelity""},
 {""id"":3,""name"":""obsession""},
 {""id"":4,""name"":""hope""},
 {""id"":5,""name"":""wealth""},
 {""id"":6,""name"":""1920s""},
 {""id"":7,""name"":""love""},
 {""id"":8,""name"":""luxury""},
 {""id"":9,""name"":""high society""},
 {""id"":10,""name"":""american dream""},
 {""id"":11,""name"":""class""},
 {""id"":12,""name"":""party""}
]",The Great Gatsby,"Nick Carraway becomes fascinated by his wealthy and mysterious neighbor Jay Gatsby and is drawn into a world of luxury, ambition, romance and obsession that ultimately leads to tragedy.",61.196071,"[{""name"": ""Village Roadshow Pictures"", ""id"": 79}, {""name"": ""Bazmark Films"", ""id"": 240}, {""name"": ""Warner Bros."", ""id"": 6194}, {""name"": ""A&E Television Networks"", ""id"": 11858}, {""name"": ""Red Wagon Entertainment"", ""id"": 14440}, {""name"": ""Spectrum Films"", ""id"": 14604}]","[{""iso_3166_1"": ""US"", ""name"": ""United States of America""}, {""iso_3166_1"": ""AU"", ""name"": ""Australia""}]",351040419,143,"[{""iso_639_1"": ""en"", ""name"": ""English""}]",Reserving judgments is a matter of infinite hope... I come to the admission that it has a limit.,The Great Gatsby,7.3
"[{""id"": 12, ""name"": ""Adventure""}, {""id"": 14, ""name"": ""Fantasy""}, {""id"": 28, ""name"": ""Action""}]",9543,"[
 {""id"":1,""name"":""persia""},
 {""id"":2,""name"":""sandstorm""},
 {""id"":3,""name"":""brother against brother""},
 {""id"":4,""name"":""regent""},
 {""id"":5,""name"":""based on video game""},
 {""id"":6,""name"":""time manipulation""},
 {""id"":7,""name"":""dagger""},
 {""id"":8,""name"":""adventure""},
 {""id"":9,""name"":""prince""},
 {""id"":10,""name"":""ancient civilization""},
 {""id"":11,""name"":""desert""},
 {""id"":12,""name"":""destiny""},
 {""id"":13,""name"":""action""}
]",Prince of Persia: The Sands of Time,"A rogue prince reluctantly joins forces with a mysterious princess and together, they race against dark forces to safeguard an ancient dagger capable of releasing the Sands of Time â€“ gift from the gods that can reverse time and allow its possessor to rule the world.",62.169881,"[{""name"": ""Walt Disney Pictures"", ""id"": 2}, {""name"": ""Jerry Bruckheimer Films"", ""id"": 130}]","[{""iso_3166_1"": ""US"", ""name"": ""United States of America""}]",335154643,116,"[{""iso_639_1"": ""en"", ""name"": ""English""}]",Defy the Future,Prince of Persia: The Sands of Time,6.2
"[{""id"": 28, ""name"": ""Action""}, {""id"": 878, ""name"": ""Science Fiction""}, {""id"": 12, ""name"": ""Adventure""}]",68726,"[{""id"": 4565, ""name"": ""dystopia""}, {""id"": 10891, ""name"": ""giant robot""}, {""id"": 11100, ""name"": ""giant monster""}, {""id"": 12332, ""name"": ""apocalypse""}, {""id"": 156395, ""name"": ""imax""}, {""id"": 179431, ""name"": ""duringcreditsstinger""}, {""id"": 209714, ""name"": ""3d""}]",Pacific Rim,"When legions of monstrous creatures, known as Kaiju, started rising from the sea, a war began that would take millions of lives and consume humanity's resources for years on end. To combat the giant Kaiju, a special type of weapon was devised: massive robots, called Jaegers, which are controlled simultaneously by two pilots whose minds are locked in a neural bridge. But even the Jaegers are proving nearly defenseless in the face of the relentless Kaiju. On the verge of defeat, the forces defending mankind have no choice but to turn to two unlikely heroesâ€”a washed-up former pilot (Charlie Hunnam) and an untested trainee (Rinko Kikuchi)â€”who are teamed to drive a legendary but seemingly obsolete Jaeger from the past. Together, they stand as mankind's last hope against the mounting apocalypse.",56.523205,"[{""name"": ""Legendary Pictures"", ""id"": 923}, {""name"": ""Warner Bros."", ""id"": 6194}, {""name"": ""Disney Double Dare You (DDY)"", ""id"": 19750}, {""name"": ""Indochina Productions"", ""id"": 19751}]","[{""iso_3166_1"": ""US"", ""name"": ""United States of America""}, {""iso_3166_1"": ""CA"", ""name"": ""Canada""}]",407602906,131,"[{""iso_639_1"": ""en"", ""name"": ""English""}]","To Fight Monsters, We Created Monsters",Pacific Rim,6.7
"[{""id"": 28, ""name"": ""Action""}, {""id"": 878, ""name"": ""Science Fiction""}, {""id"": 12, ""name"": ""Adventure""}]",38356,"[
 {""id"":1,""name"":""moon""},
 {""id"":2,""name"":""spacecraft""},
 {""id"":3,""name"":""traitor""},
 {""id"":4,""name"":""bodyguard""},
 {""id"":5,""name"":""alien planet""},
 {""id"":6,""name"":""based on cartoon""},
 {""id"":7,""name"":""transformers""},
 {""id"":8,""name"":""giant robot""},
 {""id"":9,""name"":""sabotage""},
 {""id"":10,""name"":""commando""},
 {""id"":11,""name"":""alien invasion""},
 {""id"":12,""name"":""robot war""},
 {""id"":13,""name"":""space technology""}
]",Transformers: Dark of the Moon,"Sam Witwicky takes his first tenuous steps into adulthood while remaining a reluctant human ally of Autobot-leader Optimus Prime. The film centers around the space race between the USSR and the USA, suggesting there was a hidden Transformers role in it all that remains one of the planet's most dangerous secrets.",28.529607,"[{""name"": ""Paramount Pictures"", ""id"": 4}, {""name"": ""Di Bonaventura Pictures"", ""id"": 435}, {""name"": ""Indochina Productions"", ""id"": 19751}, {""name"": ""Hasbro Studios"", ""id"": 22826}]","[{""iso_3166_1"": ""US"", ""name"": ""United States of America""}]",1123746996,154,"[{""iso_639_1"": ""en"", ""name"": ""English""}]",The invasion we always feared. An enemy we never expected.,Transformers: Dark of the Moon,6.1
"[{""id"": 12, ""name"": ""Adventure""}, {""id"": 28, ""name"": ""Action""}]",217,"[
 {""id"":1,""name"":""saving the world""},
 {""id"":2,""name"":""riddle""},
 {""id"":3,""name"":""whip""},
 {""id"":4,""name"":""treasure""},
 {""id"":5,""name"":""mexico city""},
 {""id"":6,""name"":""leather jacket""},
 {""id"":7,""name"":""alien phenomenons""},
 {""id"":8,""name"":""maya civilization""},
 {""id"":9,""name"":""peru""},
 {""id"":10,""name"":""treasure hunt""},
 {""id"":11,""name"":""nuclear explosion""},
 {""id"":12,""name"":""archaeologist""},
 {""id"":13,""name"":""indiana jones""},
 {""id"":14,""name"":""archeology""},
 {""id"":15,""name"":""adventure""},
 {""id"":16,""name"":""mystery""},
 {""id"":17,""name"":""ancient artifact""}
]",Indiana Jones and the Kingdom of the Crystal Skull,"Set during the Cold War, the Soviets â€“ led by sword-wielding Irina Spalko â€“ are in search of a crystal skull which has supernatural powers related to a mystical Lost City of Gold. After being captured and then escaping from them, Indy is coerced to head to Peru at the behest of a young man whose friend â€“ and Indy's colleague â€“ Professor Oxley has been captured for his knowledge of the skull's whereabouts.",75.674458,"[{""name"": ""Lucasfilm"", ""id"": 1}, {""name"": ""Paramount Pictures"", ""id"": 4}]","[{""iso_3166_1"": ""US"", ""name"": ""United States of America""}]",786636033,122,"[{""iso_639_1"": ""en"", ""name"": ""English""}, {""iso_639_1"": ""de"", ""name"": ""Deutsch""}, {""iso_639_1"": ""ru"", ""name"": ""P\u0443\u0441\u0441\u043a\u0438\u0439""}]",The adventure continues . . .,Indiana Jones and the Kingdom of the Crystal Skull,5.7
"[{""id"": 12, ""name"": ""Adventure""}, {""id"": 16, ""name"": ""Animation""}, {""id"": 10751, ""name"": ""Family""}]",105864,"[{""id"": 1720, ""name"": ""tyrannosaurus rex""}, {""id"": 9713, ""name"": ""friends""}, {""id"": 12026, ""name"": ""alternate history""}, {""id"": 12616, ""name"": ""dinosaur""}, {""id"": 13073, ""name"": ""fear""}, {""id"": 14527, ""name"": ""storm""}, {""id"": 18330, ""name"": ""nature""}, {""id"": 187864, ""name"": ""human""}, {""id"": 189092, ""name"": ""journey""}]",The Good Dinosaur,"In a world where dinosaurs never became extinct, a young Apatosaurus named Arlo becomes separated from his family and embarks on a journey home while forming an unlikely friendship with a human boy.",51.692953,"[{""name"": ""Walt Disney Pictures"", ""id"": 2}, {""name"": ""Pixar Animation Studios"", ""id"": 3}]","[{""iso_3166_1"": ""US"", ""name"": ""United States of America""}]",331926147,93,"[{""iso_639_1"": ""en"", ""name"": ""English""}]",Little Arms With Big Attitude,The Good Dinosaur,6.6
"[{""id"": 16, ""name"": ""Animation""}, {""id"": 12, ""name"": ""Adventure""}, {""id"": 35, ""name"": ""Comedy""}, {""id"": 10751, ""name"": ""Family""}, {""id"": 14, ""name"": ""Fantasy""}]",62177,"[{""id"": 388, ""name"": ""scotland""}, {""id"": 526, ""name"": ""rebel""}, {""id"": 3930, ""name"": ""bravery""}, {""id"": 4152, ""name"": ""kingdom""}, {""id"": 4393, ""name"": ""archer""}, {""id"": 4896, ""name"": ""wish""}, {""id"": 10468, ""name"": ""bear""}, {""id"": 14753, ""name"": ""scot""}, {""id"": 15161, ""name"": ""rebellious daughter""}, {""id"": 41538, ""name"": ""turns into animal""}, {""id"": 53995, ""name"": ""archery""}, {""id"": 162715, ""name"": ""ruins""}, {""id"": 179430, ""name"": ""aftercreditsstinger""}, {""id"": 181181, ""name"": ""peace offering""}, {""id"": 187056, ""name"": ""woman director""}, {""id"": 189098, ""name"": ""courage""}, {""id"": 209714, ""name"": ""3d""}]",Brave,"Brave is set in the mystical Scottish Highlands, where MÃ©rida is the princess of a kingdom ruled by King Fergus and Queen Elinor. An unruly daughter and an accomplished archer, MÃ©rida one day defies a sacred custom of the land and inadvertently brings turmoil to the kingdom. In an attempt to set things right, MÃ©rida seeks out an eccentric old Wise Woman and is granted an ill-fated wish. Also figuring into MÃ©ridaâ€™s quest â€” and serving as comic relief â€” are the kingdomâ€™s three lords: the enormous Lord MacGuffin, the surly Lord Macintosh, and the disagreeable Lord Dingwall.",125.114374,"[{""name"": ""Walt Disney Pictures"", ""id"": 2}, {""name"": ""Pixar Animation Studios"", ""id"": 3}]","[{""iso_3166_1"": ""US"", ""name"": ""United States of America""}]",538983207,93,"[{""iso_639_1"": ""en"", ""name"": ""English""}]",Change your fate.,Brave,6.7
"[{""id"": 28, ""name"": ""Action""}, {""id"": 12, ""name"": ""Adventure""}, {""id"": 878, ""name"": ""Science Fiction""}]",188927,"[
 {""id"":1,""name"":""sequel""},
 {""id"":2,""name"":""stranded""},
 {""id"":3,""name"":""space opera""},
 {""id"":4,""name"":""spacecraft""},
 {""id"":5,""name"":""alien""},
 {""id"":6,""name"":""space travel""},
 {""id"":7,""name"":""crew""},
 {""id"":8,""name"":""future""},
 {""id"":9,""name"":""exploration""},
 {""id"":10,""name"":""friendship""},
 {""id"":11,""name"":""space battle""},
 {""id"":12,""name"":""survival""}
]",Star Trek Beyond,"The USS Enterprise crew explores the furthest reaches of uncharted space, where they encounter a mysterious new enemy who puts them and everything the Federation stands for to the test.",65.352913,"[{""name"": ""Paramount Pictures"", ""id"": 4}, {""name"": ""Bad Robot"", ""id"": 11461}, {""name"": ""Perfect Storm Entertainment"", ""id"": 34530}, {""name"": ""Alibaba Pictures Group"", ""id"": 69484}, {""name"": ""Skydance Media"", ""id"": 82819}, {""name"": ""Sneaky Shark"", ""id"": 83644}, {""name"": ""Huahua Media"", ""id"": 83645}]","[{""iso_3166_1"": ""US"", ""name"": ""United States of America""}]",343471816,122,"[{""iso_639_1"": ""en"", ""name"": ""English""}]",,Star Trek Beyond,6.6
"[{""id"": 16, ""name"": ""Animation""}, {""id"": 10751, ""name"": ""Family""}, {""id"": 878, ""name"": ""Science Fiction""}, {""id"": 12, ""name"": ""Adventure""}]",10681,"[
 {""id"":1,""name"":""robot""},
 {""id"":2,""name"":""post-apocalyptic""},
 {""id"":3,""name"":""space""},
 {""id"":4,""name"":""future""},
 {""id"":5,""name"":""humanity""},
 {""id"":6,""name"":""earth""},
 {""id"":7,""name"":""cleanup""},
 {""id"":8,""name"":""artificial intelligence""},
 {""id"":9,""name"":""love""},
 {""id"":10,""name"":""space travel""},
 {""id"":11,""name"":""loneliness""}
]",WALLÂ·E,"WALLÂ·E is the last robot left on an Earth that has been overrun with garbage and all humans have fled to outer space. For 700 years he has continued to try and clean up the mess, but has developed some rather interesting human-like qualities. When a ship arrives with a sleek new type of robot, WALLÂ·E thinks he's finally found a friend and stows away on the ship when it leaves.",66.390712,"[{""name"": ""Walt Disney Pictures"", ""id"": 2}, {""name"": ""Pixar Animation Studios"", ""id"": 3}, {""name"": ""FortyFour Studios"", ""id"": 93408}]","[{""iso_3166_1"": ""US"", ""name"": ""United States of America""}]",521311860,98,"[{""iso_639_1"": ""en"", ""name"": ""English""}]",An adventure beyond the ordinar-E.,WALLÂ·E,7.8
"[{""id"": 28, ""name"": ""Action""}, {""id"": 35, ""name"": ""Comedy""}, {""id"": 80, ""name"": ""Crime""}, {""id"": 53, ""name"": ""Thriller""}]",5174,"[
 {""id"":1,""name"":""buddy cop""},
 {""id"":2,""name"":""martial arts""},
 {""id"":3,""name"":""detective""},
 {""id"":4,""name"":""friendship""},
 {""id"":5,""name"":""investigation""},
 {""id"":6,""name"":""action comedy""},
 {""id"":7,""name"":""police""},
 {""id"":8,""name"":""crime""},
 {""id"":9,""name"":""paris""}
]",Rush Hour 3,"After an attempted assassination on Ambassador Han, Inspector Lee and Detective Carter are back in action as they head to Paris to protect a French woman with knowledge of the Triads' secret leaders. Lee also holds secret meetings with a United Nations authority, but his personal struggles with a Chinese criminal mastermind named Kenji, which reveals that it's Lee's long-lost...brother.",22.57178,"[{""name"": ""New Line Cinema"", ""id"": 12}]","[{""iso_3166_1"": ""US"", ""name"": ""United States of America""}]",258022233,91,"[{""iso_639_1"": ""la"", ""name"": ""Latin""}, {""iso_639_1"": ""en"", ""name"": ""English""}, {""iso_639_1"": ""fr"", ""name"": ""Fran\u00e7ais""}, {""iso_639_1"": ""ja"", ""name"": ""\u65e5\u672c\u8a9e""}, {""iso_639_1"": ""zh"", ""name"": ""\u666e\u901a\u8bdd""}]",The Rush Is On!,Rush Hour 3,6.1
